Brauberg,Этикетка 2400 шт., 774,1363,2020-08-01T02:32:36.024977841Z,https://www.wildberries.ru/catalog/10534047/detail.aspx?targetUrl=ST
Office Kit,Пленка для ламинирования, 600,317,2021-06-24T10:27:11Z,https://www.wildberries.ru/catalog/29425434/detail.aspx?targetUrl=ST
Berlingo,Папка канцелярская, 363,276,2021-03-15T09:06:51Z,https://www.wildberries.ru/catalog/19389009/detail.aspx?targetUrl=ST
Момент,Клей, 180,1918,2020-11-06T10:27:57Z,https://www.wildberries.ru/catalog/15446271/detail.aspx?targetUrl=ST
Пифагор,Обложка для книги, 146,16185,2020-07-25T10:29:17.0290663Z,https://www.wildberries.ru/catalog/13150074/detail.aspx?targetUrl=ST
Velar,Подставка канцелярская, 432,383,2021-05-12T10:33:48Z,https://www.wildberries.ru/catalog/21073712/detail.aspx?targetUrl=ST
ДПСКАНЦ,Обложка для книги, 178,24304,2020-11-10T09:32:51Z,https://www.wildberries.ru/catalog/12983324/detail.aspx?targetUrl=ST
Brauberg,Пленка для ламинирования, 621,23298,2020-05-18T16:14:50.571107746Z,https://www.wildberries.ru/catalog/10405388/detail.aspx?targetUrl=ST
House.Kitchen.Garden,Клейкая лента, 380,401,2021-07-22T19:31:30Z,https://www.wildberries.ru/catalog/22168349/detail.aspx?targetUrl=ST
Фрегат,Клейкая лента, 398,14598,2021-01-06T15:40:56Z,https://www.wildberries.ru/catalog/17533653/detail.aspx?targetUrl=ST
BAROUGE,Этикетка 36 шт., 193,1141,2020-08-06T07:23:49Z,https://www.wildberries.ru/catalog/12548425/detail.aspx?targetUrl=ST
Velar,Подставка канцелярская, 432,228,2021-04-22T00:15:21Z,https://www.wildberries.ru/catalog/20869131/detail.aspx?targetUrl=ST
CASIO,Калькулятор, 810,268,2020-12-12T12:16:58Z,https://www.wildberries.ru/catalog/16828692/detail.aspx?targetUrl=ST
VideoMart,Клейкая лента, 184,1076,2020-11-25T18:57:45Z,https://www.wildberries.ru/catalog/16689937/detail.aspx?targetUrl=ST
BAROUGE,Этикетка 36 шт., 193,1001,2020-07-18T14:48:56.005080845Z,https://www.wildberries.ru/catalog/12548426/detail.aspx?targetUrl=ST
Miaworkstudio,Папка канцелярская, 446,575,2020-11-03T08:56:52Z,https://www.wildberries.ru/catalog/14635520/detail.aspx?targetUrl=ST
Rexant,Клейкая лента, 258,3423,2019-11-17T07:47:27.135821036Z,https://www.wildberries.ru/catalog/9150853/detail.aspx?targetUrl=ST
ЖИВИ ЯРКО,Папка канцелярская, 427,577,2020-11-16T18:36:41Z,https://www.wildberries.ru/catalog/16353038/detail.aspx?targetUrl=ST
Гоу HOME,Клейкая лента, 201,510,2020-10-24T13:33:32Z,https://www.wildberries.ru/catalog/15679353/detail.aspx?targetUrl=ST
Юнландия,Подставки для книг, 451,55,2021-07-14T05:28:22Z,https://www.wildberries.ru/catalog/30307104/detail.aspx?targetUrl=ST
AlpenHaken,Лоток для бумаг, 455,4,2021-04-25T19:16:07Z,https://www.wildberries.ru/catalog/27893593/detail.aspx?targetUrl=ST
Brauberg,Подставка канцелярская, 453,8166,2020-02-13T07:36:56.371330974Z,https://www.wildberries.ru/catalog/10670944/detail.aspx?targetUrl=ST
